{
    "loss": 0.15219959616661072,
    "accuracy": 0.9803921580314636
}