{
    "loss": 29.928823471069336,
    "accuracy": 0.4313725531101227
}